[
  { "plate": "Point 1", "signals": { "Router_A": -45, "Router_B": -62, "Router_C": -78 } },
  { "plate": "Point 2", "signals": { "Router_A": -48, "Router_B": -58, "Router_C": -81 } },
  { "plate": "Point 3", "signals": { "Router_A": -52, "Router_B": -55, "Router_C": -75 } },
  { "plate": "Point 4", "signals": { "Router_A": -55, "Router_B": -51, "Router_C": -72 } },
  { "plate": "Point 5", "signals": { "Router_A": -58, "Router_B": -48, "Router_C": -69 } },
  { "plate": "Point 6", "signals": { "Router_A": -61, "Router_B": -52, "Router_C": -66 } },
  { "plate": "Point 7", "signals": { "Router_A": -64, "Router_B": -55, "Router_C": -63 } },
  { "plate": "Point 8", "signals": { "Router_A": -67, "Router_B": -58, "Router_C": -60 } },
  { "plate": "Point 9", "signals": { "Router_A": -70, "Router_B": -61, "Router_C": -57 } },
  { "plate": "Point 10", "signals": { "Router_A": -73, "Router_B": -64, "Router_C": -54 } }
]
